{
  "ALDER": [
    [
      0.0890320987654321,
      [
        158,
        139,
        161
      ]
    ],
    [
      0.13487407407407406,
      [
        179,
        136,
        156
      ]
    ],
    [
      0.221879012345679,
      [
        164,
        138,
        159
      ]
    ],
    [
      0.27156296296296295,
      [
        174,
        136,
        157
      ]
    ],
    [
      0.2826518518518519,
      [
        169,
        137,
        158
      ]
    ]
  ],
  "CHERRY": [
    [
      0.05462469135802469,
      [
        163,
        134,
        148
      ]
    ],
    [
      0.057837037037037034,
      [
        148,
        136,
        151
      ]
    ],
    [
      0.21891604938271605,
      [
        110,
        141,
        158
      ]
    ],
    [
      0.25840493827160493,
      [
        128,
        141,
        158
      ]
    ],
    [
      0.4102172839506173,
      [
        119,
        141,
        159
      ]
    ]
  ],
  "BLACK_WALNUT": [
    [
      0.054719444444444446,
      [
        76,
        140,
        145
      ]
    ],
    [
      0.14726666666666666,
      [
        87,
        140,
        146
      ]
    ],
    [
      0.227175,
      [
        109,
        140,
        147
      ]
    ],
    [
      0.24948333333333333,
      [
        95,
        140,
        146
      ]
    ],
    [
      0.32135555555555556,
      [
        102,
        140,
        146
      ]
    ]
  ],
  "MAPLE": [
    [
      0.05457777777777778,
      [
        167,
        135,
        156
      ]
    ],
    [
      0.18586666666666668,
      [
        190,
        133,
        149
      ]
    ],
    [
      0.18839506172839507,
      [
        175,
        135,
        154
      ]
    ],
    [
      0.25749135802469136,
      [
        180,
        134,
        152
      ]
    ],
    [
      0.31366913580246913,
      [
        185,
        134,
        151
      ]
    ]
  ],
  "PADAUK": [
    [
      0.10107222222222222,
      [
        102,
        163,
        160
      ]
    ],
    [
      0.16683333333333333,
      [
        68,
        153,
        147
      ]
    ],
    [
      0.188,
      [
        92,
        161,
        156
      ]
    ],
    [
      0.24978055555555556,
      [
        84,
        157,
        151
      ]
    ],
    [
      0.2943138888888889,
      [
        77,
        155,
        150
      ]
    ]
  ],
  "POPLAR": [
    [
      0.046552777777777776,
      [
        180,
        132,
        164
      ]
    ],
    [
      0.14027222222222221,
      [
        196,
        131,
        162
      ]
    ],
    [
      0.185975,
      [
        225,
        130,
        156
      ]
    ],
    [
      0.2761138888888889,
      [
        207,
        131,
        160
      ]
    ],
    [
      0.3510861111111111,
      [
        215,
        131,
        158
      ]
    ]
  ],
  "PURPLEHEART": [
    [
      0.06674444444444444,
      [
        100,
        154,
        136
      ]
    ],
    [
      0.15705,
      [
        65,
        154,
        138
      ]
    ],
    [
      0.19970277777777778,
      [
        89,
        154,
        137
      ]
    ],
    [
      0.2861888888888889,
      [
        74,
        155,
        138
      ]
    ],
    [
      0.29031388888888887,
      [
        81,
        154,
        137
      ]
    ]
  ],
  "WALNUT": [
    [
      0.072675,
      [
        60,
        135,
        140
      ]
    ],
    [
      0.1413,
      [
        97,
        137,
        148
      ]
    ],
    [
      0.19911875,
      [
        71,
        137,
        142
      ]
    ],
    [
      0.28004375,
      [
        88,
        137,
        146
      ]
    ],
    [
      0.3068625,
      [
        80,
        137,
        144
      ]
    ]
  ]
}