{
  "ALDER": [
    [
      0.09469382716049382,
      [
        158,
        138,
        160
      ]
    ],
    [
      0.11026913580246914,
      [
        180,
        136,
        156
      ]
    ],
    [
      0.24349876543209875,
      [
        165,
        138,
        159
      ]
    ],
    [
      0.24888395061728394,
      [
        174,
        136,
        157
      ]
    ],
    [
      0.3026543209876543,
      [
        169,
        137,
        158
      ]
    ]
  ],
  "ASH": [
    [
      0.113275,
      [
        152,
        137,
        159
      ]
    ],
    [
      0.1282388888888889,
      [
        206,
        131,
        156
      ]
    ],
    [
      0.176975,
      [
        192,
        133,
        157
      ]
    ],
    [
      0.2637027777777778,
      [
        177,
        135,
        158
      ]
    ],
    [
      0.31780833333333336,
      [
        165,
        136,
        157
      ]
    ]
  ],
  "BASSWOOD": [
    [
      0.09959722222222223,
      [
        167,
        137,
        157
      ]
    ],
    [
      0.11584722222222223,
      [
        198,
        135,
        155
      ]
    ],
    [
      0.24023333333333333,
      [
        176,
        136,
        157
      ]
    ],
    [
      0.2488277777777778,
      [
        189,
        136,
        156
      ]
    ],
    [
      0.29549444444444445,
      [
        183,
        136,
        156
      ]
    ]
  ],
  "CHERRY": [
    [
      0.0548,
      [
        163,
        134,
        148
      ]
    ],
    [
      0.057708641975308644,
      [
        148,
        136,
        151
      ]
    ],
    [
      0.21888395061728394,
      [
        110,
        141,
        158
      ]
    ],
    [
      0.25835802469135805,
      [
        128,
        141,
        158
      ]
    ],
    [
      0.4102493827160494,
      [
        119,
        141,
        159
      ]
    ]
  ],
  "BLACK_WALNUT": [
    [
      0.054719444444444446,
      [
        76,
        140,
        145
      ]
    ],
    [
      0.14726666666666666,
      [
        87,
        140,
        146
      ]
    ],
    [
      0.227175,
      [
        109,
        140,
        147
      ]
    ],
    [
      0.24948333333333333,
      [
        95,
        140,
        146
      ]
    ],
    [
      0.32135555555555556,
      [
        102,
        140,
        146
      ]
    ]
  ],
  "MAPLE": [
    [
      0.05457777777777778,
      [
        167,
        135,
        156
      ]
    ],
    [
      0.18586666666666668,
      [
        190,
        133,
        149
      ]
    ],
    [
      0.18839506172839507,
      [
        175,
        135,
        154
      ]
    ],
    [
      0.25749135802469136,
      [
        180,
        134,
        152
      ]
    ],
    [
      0.31366913580246913,
      [
        185,
        134,
        151
      ]
    ]
  ],
  "PADAUK": [
    [
      0.10107222222222222,
      [
        102,
        163,
        160
      ]
    ],
    [
      0.16683333333333333,
      [
        68,
        153,
        147
      ]
    ],
    [
      0.188,
      [
        92,
        161,
        156
      ]
    ],
    [
      0.24978055555555556,
      [
        84,
        157,
        151
      ]
    ],
    [
      0.2943138888888889,
      [
        77,
        155,
        150
      ]
    ]
  ],
  "POPLAR": [
    [
      0.05148055555555556,
      [
        181,
        131,
        164
      ]
    ],
    [
      0.14311666666666667,
      [
        197,
        132,
        162
      ]
    ],
    [
      0.1858861111111111,
      [
        225,
        130,
        156
      ]
    ],
    [
      0.27539166666666665,
      [
        207,
        131,
        160
      ]
    ],
    [
      0.344125,
      [
        215,
        131,
        158
      ]
    ]
  ],
  "PURPLEHEART": [
    [
      0.05961388888888889,
      [
        101,
        154,
        136
      ]
    ],
    [
      0.1570388888888889,
      [
        65,
        154,
        138
      ]
    ],
    [
      0.1931388888888889,
      [
        89,
        154,
        137
      ]
    ],
    [
      0.2931944444444444,
      [
        74,
        155,
        138
      ]
    ],
    [
      0.2970138888888889,
      [
        82,
        154,
        137
      ]
    ]
  ],
  "RED_OAK": [
    [
      0.04719259259259259,
      [
        131,
        137,
        151
      ]
    ],
    [
      0.12247160493827161,
      [
        149,
        137,
        153
      ]
    ],
    [
      0.22885185185185186,
      [
        176,
        134,
        149
      ]
    ],
    [
      0.2636098765432099,
      [
        161,
        136,
        153
      ]
    ],
    [
      0.33787407407407405,
      [
        168,
        135,
        151
      ]
    ]
  ],
  "WALNUT": [
    [
      0.0782625,
      [
        60,
        135,
        139
      ]
    ],
    [
      0.14600625,
      [
        97,
        137,
        148
      ]
    ],
    [
      0.20833125,
      [
        71,
        136,
        142
      ]
    ],
    [
      0.26628125,
      [
        88,
        137,
        146
      ]
    ],
    [
      0.30111875,
      [
        80,
        137,
        144
      ]
    ]
  ],
  "WENGE": [
    [
      0.002654320987654321,
      [
        160,
        130,
        125
      ]
    ],
    [
      0.002965432098765432,
      [
        114,
        130,
        122
      ]
    ],
    [
      0.13169629629629628,
      [
        16,
        134,
        135
      ]
    ],
    [
      0.2685901234567901,
      [
        10,
        130,
        133
      ]
    ],
    [
      0.5940938271604939,
      [
        7,
        128,
        131
      ]
    ]
  ],
  "WHITE_OAK": [
    [
      0.08541234567901235,
      [
        139,
        136,
        154
      ]
    ],
    [
      0.1293851851851852,
      [
        171,
        135,
        150
      ]
    ],
    [
      0.22313333333333332,
      [
        150,
        136,
        153
      ]
    ],
    [
      0.2704641975308642,
      [
        164,
        135,
        152
      ]
    ],
    [
      0.29160493827160494,
      [
        157,
        135,
        152
      ]
    ]
  ]
}